student_id,student_name,exam_id,exam_name,department,hall_name,seat_number,exam_date,exam_time,qr_code_id
STU001,Student 1,85f0d55a-c961-4fdd-8351-cef10fdfd5d6,CSE23 MID1 Exam,CSE,HALL-A,A-1-1,2025-01-25,09:30,QR-STU001
STU002,Student 2,85f0d55a-c961-4fdd-8351-cef10fdfd5d6,CSE23 MID1 Exam,ECE,HALL-A,A-1-2,2025-01-25,09:30,QR-STU002
STU003,Student 3,85f0d55a-c961-4fdd-8351-cef10fdfd5d6,CSE23 MID1 Exam,MECH,HALL-A,A-1-3,2025-01-25,09:30,QR-STU003
STU004,Student 4,85f0d55a-c961-4fdd-8351-cef10fdfd5d6,CSE23 MID1 Exam,CIVIL,HALL-A,A-1-4,2025-01-25,09:30,QR-STU004
STU005,Student 5,85f0d55a-c961-4fdd-8351-cef10fdfd5d6,CSE23 MID1 Exam,EEE,HALL-A,A-1-5,2025-01-25,09:30,QR-STU005
STU0051,Jessica Hernandez,85f0d55a-c961-4fdd-8351-cef10fdfd5d6,CSE23 MID1 Exam,IT,HALL-A,A-2-1,2025-01-25,09:30,QR-STU0051
STU0052,Ashley Scott,85f0d55a-c961-4fdd-8351-cef10fdfd5d6,CSE23 MID1 Exam,CSE,HALL-A,A-2-2,2025-01-25,09:30,QR-STU0052
STU0053,Andrew Moore,85f0d55a-c961-4fdd-8351-cef10fdfd5d6,CSE23 MID1 Exam,ECE,HALL-A,A-2-3,2025-01-25,09:30,QR-STU0053
STU0054,Sarah Thompson,85f0d55a-c961-4fdd-8351-cef10fdfd5d6,CSE23 MID1 Exam,MECH,HALL-A,A-2-4,2025-01-25,09:30,QR-STU0054
STU0055,Emily Carter,85f0d55a-c961-4fdd-8351-cef10fdfd5d6,CSE23 MID1 Exam,CIVIL,HALL-A,A-2-5,2025-01-25,09:30,QR-STU0055
STU0056,William Jones,85f0d55a-c961-4fdd-8351-cef10fdfd5d6,CSE23 MID1 Exam,EEE,HALL-A,A-3-1,2025-01-25,09:30,QR-STU0056
STU0057,Robert White,85f0d55a-c961-4fdd-8351-cef10fdfd5d6,CSE23 MID1 Exam,IT,HALL-A,A-3-2,2025-01-25,09:30,QR-STU0057
STU0058,Andrew Brown,85f0d55a-c961-4fdd-8351-cef10fdfd5d6,CSE23 MID1 Exam,CSE,HALL-A,A-3-3,2025-01-25,09:30,QR-STU0058
STU0059,Christopher Thompson,85f0d55a-c961-4fdd-8351-cef10fdfd5d6,CSE23 MID1 Exam,ECE,HALL-A,A-3-4,2025-01-25,09:30,QR-STU0059
STU006,Student 6,85f0d55a-c961-4fdd-8351-cef10fdfd5d6,CSE23 MID1 Exam,MECH,HALL-A,A-3-5,2025-01-25,09:30,QR-STU006
STU0060,Matthew Harris,85f0d55a-c961-4fdd-8351-cef10fdfd5d6,CSE23 MID1 Exam,CIVIL,HALL-A,A-4-1,2025-01-25,09:30,QR-STU0060
STU0061,Mark Nguyen,85f0d55a-c961-4fdd-8351-cef10fdfd5d6,CSE23 MID1 Exam,EEE,HALL-A,A-4-2,2025-01-25,09:30,QR-STU0061
STU0062,Christopher Ramirez,85f0d55a-c961-4fdd-8351-cef10fdfd5d6,CSE23 MID1 Exam,IT,HALL-A,A-4-3,2025-01-25,09:30,QR-STU0062
STU0063,Mary Campbell,85f0d55a-c961-4fdd-8351-cef10fdfd5d6,CSE23 MID1 Exam,CSE,HALL-A,A-4-4,2025-01-25,09:30,QR-STU0063
STU0064,Ashley Carter,85f0d55a-c961-4fdd-8351-cef10fdfd5d6,CSE23 MID1 Exam,ECE,HALL-A,A-4-5,2025-01-25,09:30,QR-STU0064
STU0065,Timothy Adams,85f0d55a-c961-4fdd-8351-cef10fdfd5d6,CSE23 MID1 Exam,MECH,HALL-A,A-5-1,2025-01-25,09:30,QR-STU0065
STU0066,Margaret Wilson,85f0d55a-c961-4fdd-8351-cef10fdfd5d6,CSE23 MID1 Exam,CIVIL,HALL-A,A-5-2,2025-01-25,09:30,QR-STU0066
STU0067,Daniel Young,85f0d55a-c961-4fdd-8351-cef10fdfd5d6,CSE23 MID1 Exam,EEE,HALL-A,A-5-3,2025-01-25,09:30,QR-STU0067
STU0068,Steven White,85f0d55a-c961-4fdd-8351-cef10fdfd5d6,CSE23 MID1 Exam,IT,HALL-A,A-5-4,2025-01-25,09:30,QR-STU0068
STU0069,Michael Jackson,85f0d55a-c961-4fdd-8351-cef10fdfd5d6,CSE23 MID1 Exam,CSE,HALL-A,A-5-5,2025-01-25,09:30,QR-STU0069
STU007,Student 7,85f0d55a-c961-4fdd-8351-cef10fdfd5d6,CSE23 MID1 Exam,ECE,HALL-A,A-6-1,2025-01-25,09:30,QR-STU007
STU0070,Carol Mitchell,85f0d55a-c961-4fdd-8351-cef10fdfd5d6,CSE23 MID1 Exam,MECH,HALL-A,A-6-2,2025-01-25,09:30,QR-STU0070
STU0071,Amanda Thomas,85f0d55a-c961-4fdd-8351-cef10fdfd5d6,CSE23 MID1 Exam,CIVIL,HALL-A,A-6-3,2025-01-25,09:30,QR-STU0071
STU0072,Michelle Perez,85f0d55a-c961-4fdd-8351-cef10fdfd5d6,CSE23 MID1 Exam,EEE,HALL-A,A-6-4,2025-01-25,09:30,QR-STU0072
STU0073,Daniel Mitchell,85f0d55a-c961-4fdd-8351-cef10fdfd5d6,CSE23 MID1 Exam,IT,HALL-A,A-6-5,2025-01-25,09:30,QR-STU0073
STU0074,Emily Robinson,85f0d55a-c961-4fdd-8351-cef10fdfd5d6,CSE23 MID1 Exam,CSE,HALL-A,A-7-1,2025-01-25,09:30,QR-STU0074
STU0075,Elizabeth Gonzalez,85f0d55a-c961-4fdd-8351-cef10fdfd5d6,CSE23 MID1 Exam,ECE,HALL-A,A-7-2,2025-01-25,09:30,QR-STU0075
STU0076,Jason Hill,85f0d55a-c961-4fdd-8351-cef10fdfd5d6,CSE23 MID1 Exam,MECH,HALL-A,A-7-3,2025-01-25,09:30,QR-STU0076
STU0077,Betty Mitchell,85f0d55a-c961-4fdd-8351-cef10fdfd5d6,CSE23 MID1 Exam,CIVIL,HALL-A,A-7-4,2025-01-25,09:30,QR-STU0077
STU0078,James Davis,85f0d55a-c961-4fdd-8351-cef10fdfd5d6,CSE23 MID1 Exam,EEE,HALL-A,A-7-5,2025-01-25,09:30,QR-STU0078
STU0079,John Anderson,85f0d55a-c961-4fdd-8351-cef10fdfd5d6,CSE23 MID1 Exam,IT,HALL-A,A-8-1,2025-01-25,09:30,QR-STU0079
STU008,Student 8,85f0d55a-c961-4fdd-8351-cef10fdfd5d6,CSE23 MID1 Exam,CSE,HALL-A,A-8-2,2025-01-25,09:30,QR-STU008
STU0080,Kevin Lewis,85f0d55a-c961-4fdd-8351-cef10fdfd5d6,CSE23 MID1 Exam,ECE,HALL-A,A-8-3,2025-01-25,09:30,QR-STU0080
STU0081,Timothy Brown,85f0d55a-c961-4fdd-8351-cef10fdfd5d6,CSE23 MID1 Exam,MECH,HALL-A,A-8-4,2025-01-25,09:30,QR-STU0081
STU0082,William Hernandez,85f0d55a-c961-4fdd-8351-cef10fdfd5d6,CSE23 MID1 Exam,CIVIL,HALL-A,A-8-5,2025-01-25,09:30,QR-STU0082
STU0083,Emily Robinson,85f0d55a-c961-4fdd-8351-cef10fdfd5d6,CSE23 MID1 Exam,EEE,HALL-A,A-9-1,2025-01-25,09:30,QR-STU0083
STU0084,Amanda Adams,85f0d55a-c961-4fdd-8351-cef10fdfd5d6,CSE23 MID1 Exam,IT,HALL-A,A-9-2,2025-01-25,09:30,QR-STU0084
STU0085,Edward Allen,85f0d55a-c961-4fdd-8351-cef10fdfd5d6,CSE23 MID1 Exam,CSE,HALL-A,A-9-3,2025-01-25,09:30,QR-STU0085
STU0086,Jeffrey Martinez,85f0d55a-c961-4fdd-8351-cef10fdfd5d6,CSE23 MID1 Exam,ECE,HALL-A,A-9-4,2025-01-25,09:30,QR-STU0086
STU0087,Sandra Green,85f0d55a-c961-4fdd-8351-cef10fdfd5d6,CSE23 MID1 Exam,MECH,HALL-A,A-9-5,2025-01-25,09:30,QR-STU0087
STU0088,Robert Smith,85f0d55a-c961-4fdd-8351-cef10fdfd5d6,CSE23 MID1 Exam,CIVIL,HALL-A,A-10-1,2025-01-25,09:30,QR-STU0088
STU0089,Karen Walker,85f0d55a-c961-4fdd-8351-cef10fdfd5d6,CSE23 MID1 Exam,EEE,HALL-A,A-10-2,2025-01-25,09:30,QR-STU0089
STU009,Student 9,85f0d55a-c961-4fdd-8351-cef10fdfd5d6,CSE23 MID1 Exam,IT,HALL-A,A-10-3,2025-01-25,09:30,QR-STU009
STU0090,Emily King,85f0d55a-c961-4fdd-8351-cef10fdfd5d6,CSE23 MID1 Exam,CSE,HALL-A,A-10-4,2025-01-25,09:30,QR-STU0090
STU0091,Karen Thomas,85f0d55a-c961-4fdd-8351-cef10fdfd5d6,CSE23 MID1 Exam,ECE,HALL-A,A-10-5,2025-01-25,09:30,QR-STU0091
STU0092,Christopher Flores,85f0d55a-c961-4fdd-8351-cef10fdfd5d6,CSE23 MID1 Exam,MECH,HALL-B,B-1-1,2025-01-25,09:30,QR-STU0092
STU0093,Kimberly Garcia,85f0d55a-c961-4fdd-8351-cef10fdfd5d6,CSE23 MID1 Exam,CIVIL,HALL-B,B-1-2,2025-01-25,09:30,QR-STU0093
STU0094,David Hall,85f0d55a-c961-4fdd-8351-cef10fdfd5d6,CSE23 MID1 Exam,EEE,HALL-B,B-1-3,2025-01-25,09:30,QR-STU0094
STU0095,Kevin Williams,85f0d55a-c961-4fdd-8351-cef10fdfd5d6,CSE23 MID1 Exam,IT,HALL-B,B-1-4,2025-01-25,09:30,QR-STU0095
STU0096,Robert Lopez,85f0d55a-c961-4fdd-8351-cef10fdfd5d6,CSE23 MID1 Exam,CSE,HALL-B,B-1-5,2025-01-25,09:30,QR-STU0096
STU0097,William Wright,85f0d55a-c961-4fdd-8351-cef10fdfd5d6,CSE23 MID1 Exam,ECE,HALL-B,B-2-1,2025-01-25,09:30,QR-STU0097
STU0098,Mary Miller,85f0d55a-c961-4fdd-8351-cef10fdfd5d6,CSE23 MID1 Exam,MECH,HALL-B,B-2-2,2025-01-25,09:30,QR-STU0098
STU0099,Jason Perez,85f0d55a-c961-4fdd-8351-cef10fdfd5d6,CSE23 MID1 Exam,CIVIL,HALL-B,B-2-3,2025-01-25,09:30,QR-STU0099
STU010,Student 10,85f0d55a-c961-4fdd-8351-cef10fdfd5d6,CSE23 MID1 Exam,EEE,HALL-B,B-2-4,2025-01-25,09:30,QR-STU010
STU0100,Christopher Taylor,85f0d55a-c961-4fdd-8351-cef10fdfd5d6,CSE23 MID1 Exam,IT,HALL-B,B-2-5,2025-01-25,09:30,QR-STU0100
STU0101,George Thompson,85f0d55a-c961-4fdd-8351-cef10fdfd5d6,CSE23 MID1 Exam,CSE,HALL-B,B-3-1,2025-01-25,09:30,QR-STU0101
STU0102,Jennifer Gonzalez,85f0d55a-c961-4fdd-8351-cef10fdfd5d6,CSE23 MID1 Exam,ECE,HALL-B,B-3-2,2025-01-25,09:30,QR-STU0102
STU0103,Elizabeth Clark,85f0d55a-c961-4fdd-8351-cef10fdfd5d6,CSE23 MID1 Exam,MECH,HALL-B,B-3-3,2025-01-25,09:30,QR-STU0103
STU0104,Margaret Jones,85f0d55a-c961-4fdd-8351-cef10fdfd5d6,CSE23 MID1 Exam,CIVIL,HALL-B,B-3-4,2025-01-25,09:30,QR-STU0104
STU0105,James Jackson,85f0d55a-c961-4fdd-8351-cef10fdfd5d6,CSE23 MID1 Exam,EEE,HALL-B,B-3-5,2025-01-25,09:30,QR-STU0105
STU0106,Lisa Clark,85f0d55a-c961-4fdd-8351-cef10fdfd5d6,CSE23 MID1 Exam,IT,HALL-B,B-4-1,2025-01-25,09:30,QR-STU0106
STU0107,Michael Thompson,85f0d55a-c961-4fdd-8351-cef10fdfd5d6,CSE23 MID1 Exam,CSE,HALL-B,B-4-2,2025-01-25,09:30,QR-STU0107
STU0108,Carol Lewis,85f0d55a-c961-4fdd-8351-cef10fdfd5d6,CSE23 MID1 Exam,ECE,HALL-B,B-4-3,2025-01-25,09:30,QR-STU0108
STU0109,Andrew Lopez,85f0d55a-c961-4fdd-8351-cef10fdfd5d6,CSE23 MID1 Exam,MECH,HALL-B,B-4-4,2025-01-25,09:30,QR-STU0109
STU011,Student 11,85f0d55a-c961-4fdd-8351-cef10fdfd5d6,CSE23 MID1 Exam,CIVIL,HALL-B,B-4-5,2025-01-25,09:30,QR-STU011
STU0110,Kenneth King,85f0d55a-c961-4fdd-8351-cef10fdfd5d6,CSE23 MID1 Exam,EEE,HALL-B,B-5-1,2025-01-25,09:30,QR-STU0110
STU0111,Paul Sanchez,85f0d55a-c961-4fdd-8351-cef10fdfd5d6,CSE23 MID1 Exam,IT,HALL-B,B-5-2,2025-01-25,09:30,QR-STU0111
STU0112,Kenneth Williams,85f0d55a-c961-4fdd-8351-cef10fdfd5d6,CSE23 MID1 Exam,CSE,HALL-B,B-5-3,2025-01-25,09:30,QR-STU0112
STU0113,Carol Martin,85f0d55a-c961-4fdd-8351-cef10fdfd5d6,CSE23 MID1 Exam,ECE,HALL-B,B-5-4,2025-01-25,09:30,QR-STU0113
STU0114,Christopher Martin,85f0d55a-c961-4fdd-8351-cef10fdfd5d6,CSE23 MID1 Exam,MECH,HALL-B,B-5-5,2025-01-25,09:30,QR-STU0114
STU0115,Jessica King,85f0d55a-c961-4fdd-8351-cef10fdfd5d6,CSE23 MID1 Exam,CIVIL,HALL-B,B-6-1,2025-01-25,09:30,QR-STU0115
STU0116,Christopher Flores,85f0d55a-c961-4fdd-8351-cef10fdfd5d6,CSE23 MID1 Exam,EEE,HALL-B,B-6-2,2025-01-25,09:30,QR-STU0116
STU0117,Nancy Roberts,85f0d55a-c961-4fdd-8351-cef10fdfd5d6,CSE23 MID1 Exam,IT,HALL-B,B-6-3,2025-01-25,09:30,QR-STU0117
STU0118,Patricia Green,85f0d55a-c961-4fdd-8351-cef10fdfd5d6,CSE23 MID1 Exam,CSE,HALL-B,B-6-4,2025-01-25,09:30,QR-STU0118
STU0119,Amanda King,85f0d55a-c961-4fdd-8351-cef10fdfd5d6,CSE23 MID1 Exam,ECE,HALL-B,B-6-5,2025-01-25,09:30,QR-STU0119
STU012,Student 12,85f0d55a-c961-4fdd-8351-cef10fdfd5d6,CSE23 MID1 Exam,MECH,HALL-B,B-7-1,2025-01-25,09:30,QR-STU012
STU0120,Joshua Wright,85f0d55a-c961-4fdd-8351-cef10fdfd5d6,CSE23 MID1 Exam,CIVIL,HALL-B,B-7-2,2025-01-25,09:30,QR-STU0120
STU0121,Susan Martinez,85f0d55a-c961-4fdd-8351-cef10fdfd5d6,CSE23 MID1 Exam,EEE,HALL-B,B-7-3,2025-01-25,09:30,QR-STU0121
STU0122,Kenneth Wilson,85f0d55a-c961-4fdd-8351-cef10fdfd5d6,CSE23 MID1 Exam,IT,HALL-B,B-7-4,2025-01-25,09:30,QR-STU0122
STU0123,Margaret Thompson,85f0d55a-c961-4fdd-8351-cef10fdfd5d6,CSE23 MID1 Exam,CSE,HALL-B,B-7-5,2025-01-25,09:30,QR-STU0123
STU0124,Kenneth Miller,85f0d55a-c961-4fdd-8351-cef10fdfd5d6,CSE23 MID1 Exam,ECE,HALL-B,B-8-1,2025-01-25,09:30,QR-STU0124
STU0125,Timothy Taylor,85f0d55a-c961-4fdd-8351-cef10fdfd5d6,CSE23 MID1 Exam,MECH,HALL-B,B-8-2,2025-01-25,09:30,QR-STU0125
STU0126,James Nguyen,85f0d55a-c961-4fdd-8351-cef10fdfd5d6,CSE23 MID1 Exam,CIVIL,HALL-B,B-8-3,2025-01-25,09:30,QR-STU0126
STU0127,Emily Thompson,85f0d55a-c961-4fdd-8351-cef10fdfd5d6,CSE23 MID1 Exam,EEE,HALL-B,B-8-4,2025-01-25,09:30,QR-STU0127
STU0128,Jessica Sanchez,85f0d55a-c961-4fdd-8351-cef10fdfd5d6,CSE23 MID1 Exam,IT,HALL-B,B-8-5,2025-01-25,09:30,QR-STU0128
STU0129,Michelle Hall,85f0d55a-c961-4fdd-8351-cef10fdfd5d6,CSE23 MID1 Exam,CSE,HALL-B,B-9-1,2025-01-25,09:30,QR-STU0129
STU013,Student 13,85f0d55a-c961-4fdd-8351-cef10fdfd5d6,CSE23 MID1 Exam,ECE,HALL-B,B-9-2,2025-01-25,09:30,QR-STU013
STU0130,John Martin,85f0d55a-c961-4fdd-8351-cef10fdfd5d6,CSE23 MID1 Exam,MECH,HALL-B,B-9-3,2025-01-25,09:30,QR-STU0130
STU0131,Jennifer Campbell,85f0d55a-c961-4fdd-8351-cef10fdfd5d6,CSE23 MID1 Exam,CIVIL,HALL-B,B-9-4,2025-01-25,09:30,QR-STU0131
STU0132,Margaret Anderson,85f0d55a-c961-4fdd-8351-cef10fdfd5d6,CSE23 MID1 Exam,EEE,HALL-B,B-9-5,2025-01-25,09:30,QR-STU0132
STU0133,Joshua Nelson,85f0d55a-c961-4fdd-8351-cef10fdfd5d6,CSE23 MID1 Exam,IT,HALL-B,B-10-1,2025-01-25,09:30,QR-STU0133
STU0134,Paul King,85f0d55a-c961-4fdd-8351-cef10fdfd5d6,CSE23 MID1 Exam,CSE,HALL-B,B-10-2,2025-01-25,09:30,QR-STU0134
STU0135,Paul Hernandez,85f0d55a-c961-4fdd-8351-cef10fdfd5d6,CSE23 MID1 Exam,ECE,HALL-B,B-10-3,2025-01-25,09:30,QR-STU0135
STU0136,Jane Wright,85f0d55a-c961-4fdd-8351-cef10fdfd5d6,CSE23 MID1 Exam,MECH,HALL-B,B-10-4,2025-01-25,09:30,QR-STU0136
STU0137,David Hall,85f0d55a-c961-4fdd-8351-cef10fdfd5d6,CSE23 MID1 Exam,CIVIL,HALL-B,B-10-5,2025-01-25,09:30,QR-STU0137
STU0138,Ashley Miller,85f0d55a-c961-4fdd-8351-cef10fdfd5d6,CSE23 MID1 Exam,EEE,HALL-C,C-1-1,2025-01-25,09:30,QR-STU0138
STU0139,Sandra Flores,85f0d55a-c961-4fdd-8351-cef10fdfd5d6,CSE23 MID1 Exam,IT,HALL-C,C-1-2,2025-01-25,09:30,QR-STU0139
STU014,Student 14,85f0d55a-c961-4fdd-8351-cef10fdfd5d6,CSE23 MID1 Exam,CSE,HALL-C,C-1-3,2025-01-25,09:30,QR-STU014
STU0140,Donna Hernandez,85f0d55a-c961-4fdd-8351-cef10fdfd5d6,CSE23 MID1 Exam,ECE,HALL-C,C-1-4,2025-01-25,09:30,QR-STU0140
STU0141,Jane Lewis,85f0d55a-c961-4fdd-8351-cef10fdfd5d6,CSE23 MID1 Exam,MECH,HALL-C,C-1-5,2025-01-25,09:30,QR-STU0141
STU0142,Betty Wright,85f0d55a-c961-4fdd-8351-cef10fdfd5d6,CSE23 MID1 Exam,CIVIL,HALL-C,C-2-1,2025-01-25,09:30,QR-STU0142
STU0143,William Johnson,85f0d55a-c961-4fdd-8351-cef10fdfd5d6,CSE23 MID1 Exam,EEE,HALL-C,C-2-2,2025-01-25,09:30,QR-STU0143
STU0144,Nancy Perez,85f0d55a-c961-4fdd-8351-cef10fdfd5d6,CSE23 MID1 Exam,IT,HALL-C,C-2-3,2025-01-25,09:30,QR-STU0144
STU0145,Mark Martin,85f0d55a-c961-4fdd-8351-cef10fdfd5d6,CSE23 MID1 Exam,CSE,HALL-C,C-2-4,2025-01-25,09:30,QR-STU0145
STU0146,Michelle Rivera,85f0d55a-c961-4fdd-8351-cef10fdfd5d6,CSE23 MID1 Exam,ECE,HALL-C,C-2-5,2025-01-25,09:30,QR-STU0146
STU0147,Christopher Garcia,85f0d55a-c961-4fdd-8351-cef10fdfd5d6,CSE23 MID1 Exam,MECH,HALL-C,C-3-1,2025-01-25,09:30,QR-STU0147
STU0148,Paul Walker,85f0d55a-c961-4fdd-8351-cef10fdfd5d6,CSE23 MID1 Exam,CIVIL,HALL-C,C-3-2,2025-01-25,09:30,QR-STU0148
STU0149,Michael Green,85f0d55a-c961-4fdd-8351-cef10fdfd5d6,CSE23 MID1 Exam,EEE,HALL-C,C-3-3,2025-01-25,09:30,QR-STU0149
STU015,Student 15,85f0d55a-c961-4fdd-8351-cef10fdfd5d6,CSE23 MID1 Exam,IT,HALL-C,C-3-4,2025-01-25,09:30,QR-STU015
STU0150,Donna Smith,85f0d55a-c961-4fdd-8351-cef10fdfd5d6,CSE23 MID1 Exam,CSE,HALL-C,C-3-5,2025-01-25,09:30,QR-STU0150
STU0151,Daniel Thompson,85f0d55a-c961-4fdd-8351-cef10fdfd5d6,CSE23 MID1 Exam,ECE,HALL-C,C-4-1,2025-01-25,09:30,QR-STU0151
STU0152,Susan Torres,85f0d55a-c961-4fdd-8351-cef10fdfd5d6,CSE23 MID1 Exam,MECH,HALL-C,C-4-2,2025-01-25,09:30,QR-STU0152
STU0153,Betty Gonzalez,85f0d55a-c961-4fdd-8351-cef10fdfd5d6,CSE23 MID1 Exam,CIVIL,HALL-C,C-4-3,2025-01-25,09:30,QR-STU0153
STU0154,Daniel Hernandez,85f0d55a-c961-4fdd-8351-cef10fdfd5d6,CSE23 MID1 Exam,EEE,HALL-C,C-4-4,2025-01-25,09:30,QR-STU0154
STU0155,Emily Moore,85f0d55a-c961-4fdd-8351-cef10fdfd5d6,CSE23 MID1 Exam,IT,HALL-C,C-4-5,2025-01-25,09:30,QR-STU0155
STU0156,Margaret White,85f0d55a-c961-4fdd-8351-cef10fdfd5d6,CSE23 MID1 Exam,CSE,HALL-C,C-5-1,2025-01-25,09:30,QR-STU0156
STU0157,Robert Lewis,85f0d55a-c961-4fdd-8351-cef10fdfd5d6,CSE23 MID1 Exam,ECE,HALL-C,C-5-2,2025-01-25,09:30,QR-STU0157
STU0158,Emily Rodriguez,85f0d55a-c961-4fdd-8351-cef10fdfd5d6,CSE23 MID1 Exam,MECH,HALL-C,C-5-3,2025-01-25,09:30,QR-STU0158
STU0159,Kevin Hill,85f0d55a-c961-4fdd-8351-cef10fdfd5d6,CSE23 MID1 Exam,CIVIL,HALL-C,C-5-4,2025-01-25,09:30,QR-STU0159
STU016,Student 16,85f0d55a-c961-4fdd-8351-cef10fdfd5d6,CSE23 MID1 Exam,EEE,HALL-C,C-5-5,2025-01-25,09:30,QR-STU016
STU0160,Donna Allen,85f0d55a-c961-4fdd-8351-cef10fdfd5d6,CSE23 MID1 Exam,IT,HALL-C,C-6-1,2025-01-25,09:30,QR-STU0160
STU0161,Emily Adams,85f0d55a-c961-4fdd-8351-cef10fdfd5d6,CSE23 MID1 Exam,CSE,HALL-C,C-6-2,2025-01-25,09:30,QR-STU0161
STU0162,Brian Johnson,85f0d55a-c961-4fdd-8351-cef10fdfd5d6,CSE23 MID1 Exam,ECE,HALL-C,C-6-3,2025-01-25,09:30,QR-STU0162
STU0163,Patricia Moore,85f0d55a-c961-4fdd-8351-cef10fdfd5d6,CSE23 MID1 Exam,MECH,HALL-C,C-6-4,2025-01-25,09:30,QR-STU0163
STU0164,Anthony Nelson,85f0d55a-c961-4fdd-8351-cef10fdfd5d6,CSE23 MID1 Exam,CIVIL,HALL-C,C-6-5,2025-01-25,09:30,QR-STU0164
STU0165,Christopher Rivera,85f0d55a-c961-4fdd-8351-cef10fdfd5d6,CSE23 MID1 Exam,EEE,HALL-C,C-7-1,2025-01-25,09:30,QR-STU0165
STU0166,Steven Roberts,85f0d55a-c961-4fdd-8351-cef10fdfd5d6,CSE23 MID1 Exam,IT,HALL-C,C-7-2,2025-01-25,09:30,QR-STU0166
STU0167,Emily Hill,85f0d55a-c961-4fdd-8351-cef10fdfd5d6,CSE23 MID1 Exam,CSE,HALL-C,C-7-3,2025-01-25,09:30,QR-STU0167
STU0168,Andrew Harris,85f0d55a-c961-4fdd-8351-cef10fdfd5d6,CSE23 MID1 Exam,ECE,HALL-C,C-7-4,2025-01-25,09:30,QR-STU0168
STU0169,George Jackson,85f0d55a-c961-4fdd-8351-cef10fdfd5d6,CSE23 MID1 Exam,MECH,HALL-C,C-7-5,2025-01-25,09:30,QR-STU0169
STU017,Student 17,85f0d55a-c961-4fdd-8351-cef10fdfd5d6,CSE23 MID1 Exam,CIVIL,HALL-C,C-8-1,2025-01-25,09:30,QR-STU017
STU0170,Christopher Perez,85f0d55a-c961-4fdd-8351-cef10fdfd5d6,CSE23 MID1 Exam,EEE,HALL-C,C-8-2,2025-01-25,09:30,QR-STU0170
STU0171,Robert Roberts,85f0d55a-c961-4fdd-8351-cef10fdfd5d6,CSE23 MID1 Exam,IT,HALL-C,C-8-3,2025-01-25,09:30,QR-STU0171
STU0172,Kimberly Thomas,85f0d55a-c961-4fdd-8351-cef10fdfd5d6,CSE23 MID1 Exam,CSE,HALL-C,C-8-4,2025-01-25,09:30,QR-STU0172
STU0173,Jeffrey Rodriguez,85f0d55a-c961-4fdd-8351-cef10fdfd5d6,CSE23 MID1 Exam,ECE,HALL-C,C-8-5,2025-01-25,09:30,QR-STU0173
STU0174,Kevin Miller,85f0d55a-c961-4fdd-8351-cef10fdfd5d6,CSE23 MID1 Exam,MECH,HALL-C,C-9-1,2025-01-25,09:30,QR-STU0174
STU0175,Kevin Martin,85f0d55a-c961-4fdd-8351-cef10fdfd5d6,CSE23 MID1 Exam,CIVIL,HALL-C,C-9-2,2025-01-25,09:30,QR-STU0175
STU0176,Donald Roberts,85f0d55a-c961-4fdd-8351-cef10fdfd5d6,CSE23 MID1 Exam,EEE,HALL-C,C-9-3,2025-01-25,09:30,QR-STU0176
STU0177,Mary White,85f0d55a-c961-4fdd-8351-cef10fdfd5d6,CSE23 MID1 Exam,IT,HALL-C,C-9-4,2025-01-25,09:30,QR-STU0177
STU0178,Matthew Young,85f0d55a-c961-4fdd-8351-cef10fdfd5d6,CSE23 MID1 Exam,CSE,HALL-C,C-9-5,2025-01-25,09:30,QR-STU0178
STU0179,Jessica Hall,85f0d55a-c961-4fdd-8351-cef10fdfd5d6,CSE23 MID1 Exam,ECE,HALL-C,C-10-1,2025-01-25,09:30,QR-STU0179
STU018,Student 18,85f0d55a-c961-4fdd-8351-cef10fdfd5d6,CSE23 MID1 Exam,MECH,HALL-C,C-10-2,2025-01-25,09:30,QR-STU018
STU0180,Christopher Thompson,85f0d55a-c961-4fdd-8351-cef10fdfd5d6,CSE23 MID1 Exam,CIVIL,HALL-C,C-10-3,2025-01-25,09:30,QR-STU0180
STU0181,Susan Moore,85f0d55a-c961-4fdd-8351-cef10fdfd5d6,CSE23 MID1 Exam,EEE,HALL-C,C-10-4,2025-01-25,09:30,QR-STU0181
STU0182,Patricia Hall,85f0d55a-c961-4fdd-8351-cef10fdfd5d6,CSE23 MID1 Exam,IT,HALL-C,C-10-5,2025-01-25,09:30,QR-STU0182
STU0183,Brian Hill,85f0d55a-c961-4fdd-8351-cef10fdfd5d6,CSE23 MID1 Exam,CSE,HALL-D,D-1-1,2025-01-25,09:30,QR-STU0183
STU0184,Kenneth Thompson,85f0d55a-c961-4fdd-8351-cef10fdfd5d6,CSE23 MID1 Exam,ECE,HALL-D,D-1-2,2025-01-25,09:30,QR-STU0184
STU0185,James Brown,85f0d55a-c961-4fdd-8351-cef10fdfd5d6,CSE23 MID1 Exam,MECH,HALL-D,D-1-3,2025-01-25,09:30,QR-STU0185
STU0186,Margaret Sanchez,85f0d55a-c961-4fdd-8351-cef10fdfd5d6,CSE23 MID1 Exam,CIVIL,HALL-D,D-1-4,2025-01-25,09:30,QR-STU0186
STU0187,Andrew Green,85f0d55a-c961-4fdd-8351-cef10fdfd5d6,CSE23 MID1 Exam,EEE,HALL-D,D-1-5,2025-01-25,09:30,QR-STU0187
STU0188,James Baker,85f0d55a-c961-4fdd-8351-cef10fdfd5d6,CSE23 MID1 Exam,IT,HALL-D,D-2-1,2025-01-25,09:30,QR-STU0188
STU0189,Kevin Thomas,85f0d55a-c961-4fdd-8351-cef10fdfd5d6,CSE23 MID1 Exam,CSE,HALL-D,D-2-2,2025-01-25,09:30,QR-STU0189
STU019,Student 19,85f0d55a-c961-4fdd-8351-cef10fdfd5d6,CSE23 MID1 Exam,ECE,HALL-D,D-2-3,2025-01-25,09:30,QR-STU019
STU0190,Robert Nelson,85f0d55a-c961-4fdd-8351-cef10fdfd5d6,CSE23 MID1 Exam,MECH,HALL-D,D-2-4,2025-01-25,09:30,QR-STU0190
STU0191,Brian Brown,85f0d55a-c961-4fdd-8351-cef10fdfd5d6,CSE23 MID1 Exam,CIVIL,HALL-D,D-2-5,2025-01-25,09:30,QR-STU0191
STU0192,Michael Rodriguez,85f0d55a-c961-4fdd-8351-cef10fdfd5d6,CSE23 MID1 Exam,EEE,HALL-D,D-3-1,2025-01-25,09:30,QR-STU0192
STU0193,Barbara Harris,85f0d55a-c961-4fdd-8351-cef10fdfd5d6,CSE23 MID1 Exam,IT,HALL-D,D-3-2,2025-01-25,09:30,QR-STU0193
STU0194,Melissa Anderson,85f0d55a-c961-4fdd-8351-cef10fdfd5d6,CSE23 MID1 Exam,CSE,HALL-D,D-3-3,2025-01-25,09:30,QR-STU0194
STU0195,Mary Flores,85f0d55a-c961-4fdd-8351-cef10fdfd5d6,CSE23 MID1 Exam,ECE,HALL-D,D-3-4,2025-01-25,09:30,QR-STU0195
STU0196,Michael Thomas,85f0d55a-c961-4fdd-8351-cef10fdfd5d6,CSE23 MID1 Exam,MECH,HALL-D,D-3-5,2025-01-25,09:30,QR-STU0196
STU0197,James Gonzalez,85f0d55a-c961-4fdd-8351-cef10fdfd5d6,CSE23 MID1 Exam,CIVIL,HALL-D,D-4-1,2025-01-25,09:30,QR-STU0197
STU0198,David Green,85f0d55a-c961-4fdd-8351-cef10fdfd5d6,CSE23 MID1 Exam,EEE,HALL-D,D-4-2,2025-01-25,09:30,QR-STU0198
STU0199,Nancy Lee,85f0d55a-c961-4fdd-8351-cef10fdfd5d6,CSE23 MID1 Exam,IT,HALL-D,D-4-3,2025-01-25,09:30,QR-STU0199
STU020,Student 20,85f0d55a-c961-4fdd-8351-cef10fdfd5d6,CSE23 MID1 Exam,CSE,HALL-D,D-4-4,2025-01-25,09:30,QR-STU020
STU0200,Linda Adams,85f0d55a-c961-4fdd-8351-cef10fdfd5d6,CSE23 MID1 Exam,ECE,HALL-D,D-4-5,2025-01-25,09:30,QR-STU0200
STU0201,Christopher Roberts,85f0d55a-c961-4fdd-8351-cef10fdfd5d6,CSE23 MID1 Exam,MECH,HALL-D,D-5-1,2025-01-25,09:30,QR-STU0201
STU0202,Sarah Flores,85f0d55a-c961-4fdd-8351-cef10fdfd5d6,CSE23 MID1 Exam,CIVIL,HALL-D,D-5-2,2025-01-25,09:30,QR-STU0202
STU0203,Emily Taylor,85f0d55a-c961-4fdd-8351-cef10fdfd5d6,CSE23 MID1 Exam,EEE,HALL-D,D-5-3,2025-01-25,09:30,QR-STU0203
STU0204,Jessica Brown,85f0d55a-c961-4fdd-8351-cef10fdfd5d6,CSE23 MID1 Exam,IT,HALL-D,D-5-4,2025-01-25,09:30,QR-STU0204
STU0205,Donald Sanchez,85f0d55a-c961-4fdd-8351-cef10fdfd5d6,CSE23 MID1 Exam,CSE,HALL-D,D-5-5,2025-01-25,09:30,QR-STU0205
STU0206,Edward Rivera,85f0d55a-c961-4fdd-8351-cef10fdfd5d6,CSE23 MID1 Exam,ECE,HALL-D,D-6-1,2025-01-25,09:30,QR-STU0206
STU0207,Karen Allen,85f0d55a-c961-4fdd-8351-cef10fdfd5d6,CSE23 MID1 Exam,MECH,HALL-D,D-6-2,2025-01-25,09:30,QR-STU0207
STU0208,Andrew Smith,85f0d55a-c961-4fdd-8351-cef10fdfd5d6,CSE23 MID1 Exam,CIVIL,HALL-D,D-6-3,2025-01-25,09:30,QR-STU0208
STU0209,Brian Brown,85f0d55a-c961-4fdd-8351-cef10fdfd5d6,CSE23 MID1 Exam,EEE,HALL-D,D-6-4,2025-01-25,09:30,QR-STU0209
STU021,Student 21,85f0d55a-c961-4fdd-8351-cef10fdfd5d6,CSE23 MID1 Exam,IT,HALL-D,D-6-5,2025-01-25,09:30,QR-STU021
STU0210,Margaret Anderson,85f0d55a-c961-4fdd-8351-cef10fdfd5d6,CSE23 MID1 Exam,CSE,HALL-D,D-7-1,2025-01-25,09:30,QR-STU0210
STU0211,Jeffrey Walker,85f0d55a-c961-4fdd-8351-cef10fdfd5d6,CSE23 MID1 Exam,ECE,HALL-D,D-7-2,2025-01-25,09:30,QR-STU0211
STU0212,Mark Allen,85f0d55a-c961-4fdd-8351-cef10fdfd5d6,CSE23 MID1 Exam,MECH,HALL-D,D-7-3,2025-01-25,09:30,QR-STU0212
STU0213,Kenneth Thomas,85f0d55a-c961-4fdd-8351-cef10fdfd5d6,CSE23 MID1 Exam,CIVIL,HALL-D,D-7-4,2025-01-25,09:30,QR-STU0213
STU0214,Melissa Lopez,85f0d55a-c961-4fdd-8351-cef10fdfd5d6,CSE23 MID1 Exam,EEE,HALL-D,D-7-5,2025-01-25,09:30,QR-STU0214
STU0215,Mark Rivera,85f0d55a-c961-4fdd-8351-cef10fdfd5d6,CSE23 MID1 Exam,IT,HALL-D,D-8-1,2025-01-25,09:30,QR-STU0215
STU0216,Andrew Green,85f0d55a-c961-4fdd-8351-cef10fdfd5d6,CSE23 MID1 Exam,CSE,HALL-D,D-8-2,2025-01-25,09:30,QR-STU0216
STU0217,Donna Allen,85f0d55a-c961-4fdd-8351-cef10fdfd5d6,CSE23 MID1 Exam,ECE,HALL-D,D-8-3,2025-01-25,09:30,QR-STU0217
STU0218,Donna King,85f0d55a-c961-4fdd-8351-cef10fdfd5d6,CSE23 MID1 Exam,MECH,HALL-D,D-8-4,2025-01-25,09:30,QR-STU0218
STU0219,Paul Taylor,85f0d55a-c961-4fdd-8351-cef10fdfd5d6,CSE23 MID1 Exam,CIVIL,HALL-D,D-8-5,2025-01-25,09:30,QR-STU0219
STU022,Student 22,85f0d55a-c961-4fdd-8351-cef10fdfd5d6,CSE23 MID1 Exam,EEE,HALL-D,D-9-1,2025-01-25,09:30,QR-STU022
STU0220,Barbara Roberts,85f0d55a-c961-4fdd-8351-cef10fdfd5d6,CSE23 MID1 Exam,IT,HALL-D,D-9-2,2025-01-25,09:30,QR-STU0220
STU0221,Lisa Miller,85f0d55a-c961-4fdd-8351-cef10fdfd5d6,CSE23 MID1 Exam,CSE,HALL-D,D-9-3,2025-01-25,09:30,QR-STU0221
STU0222,Jane Ramirez,85f0d55a-c961-4fdd-8351-cef10fdfd5d6,CSE23 MID1 Exam,ECE,HALL-D,D-9-4,2025-01-25,09:30,QR-STU0222
STU0223,Elizabeth King,85f0d55a-c961-4fdd-8351-cef10fdfd5d6,CSE23 MID1 Exam,MECH,HALL-D,D-9-5,2025-01-25,09:30,QR-STU0223
STU0224,Amanda Thompson,85f0d55a-c961-4fdd-8351-cef10fdfd5d6,CSE23 MID1 Exam,CIVIL,HALL-D,D-10-1,2025-01-25,09:30,QR-STU0224
STU0225,John Martin,85f0d55a-c961-4fdd-8351-cef10fdfd5d6,CSE23 MID1 Exam,EEE,HALL-D,D-10-2,2025-01-25,09:30,QR-STU0225
STU0226,Daniel Lee,85f0d55a-c961-4fdd-8351-cef10fdfd5d6,CSE23 MID1 Exam,IT,HALL-D,D-10-3,2025-01-25,09:30,QR-STU0226
STU0227,Amanda Wright,85f0d55a-c961-4fdd-8351-cef10fdfd5d6,CSE23 MID1 Exam,CSE,HALL-D,D-10-4,2025-01-25,09:30,QR-STU0227
STU0228,George Jackson,85f0d55a-c961-4fdd-8351-cef10fdfd5d6,CSE23 MID1 Exam,ECE,HALL-D,D-10-5,2025-01-25,09:30,QR-STU0228
STU0229,David Torres,85f0d55a-c961-4fdd-8351-cef10fdfd5d6,CSE23 MID1 Exam,MECH,HALL-E,E-1-1,2025-01-25,09:30,QR-STU0229
STU023,Student 23,85f0d55a-c961-4fdd-8351-cef10fdfd5d6,CSE23 MID1 Exam,CIVIL,HALL-E,E-1-2,2025-01-25,09:30,QR-STU023
STU0230,Elizabeth Rivera,85f0d55a-c961-4fdd-8351-cef10fdfd5d6,CSE23 MID1 Exam,EEE,HALL-E,E-1-3,2025-01-25,09:30,QR-STU0230
STU0231,Emily Clark,85f0d55a-c961-4fdd-8351-cef10fdfd5d6,CSE23 MID1 Exam,IT,HALL-E,E-1-4,2025-01-25,09:30,QR-STU0231
STU0232,Carol Martin,85f0d55a-c961-4fdd-8351-cef10fdfd5d6,CSE23 MID1 Exam,CSE,HALL-E,E-1-5,2025-01-25,09:30,QR-STU0232
STU0233,Brian Perez,85f0d55a-c961-4fdd-8351-cef10fdfd5d6,CSE23 MID1 Exam,ECE,HALL-E,E-2-1,2025-01-25,09:30,QR-STU0233
STU0234,Brian Green,85f0d55a-c961-4fdd-8351-cef10fdfd5d6,CSE23 MID1 Exam,MECH,HALL-E,E-2-2,2025-01-25,09:30,QR-STU0234
STU0235,Sandra Sanchez,85f0d55a-c961-4fdd-8351-cef10fdfd5d6,CSE23 MID1 Exam,CIVIL,HALL-E,E-2-3,2025-01-25,09:30,QR-STU0235
STU0236,Mark Ramirez,85f0d55a-c961-4fdd-8351-cef10fdfd5d6,CSE23 MID1 Exam,EEE,HALL-E,E-2-4,2025-01-25,09:30,QR-STU0236
STU0237,Sandra Williams,85f0d55a-c961-4fdd-8351-cef10fdfd5d6,CSE23 MID1 Exam,IT,HALL-E,E-2-5,2025-01-25,09:30,QR-STU0237
STU0238,Margaret Nelson,85f0d55a-c961-4fdd-8351-cef10fdfd5d6,CSE23 MID1 Exam,CSE,HALL-E,E-3-1,2025-01-25,09:30,QR-STU0238
STU0239,John Hall,85f0d55a-c961-4fdd-8351-cef10fdfd5d6,CSE23 MID1 Exam,ECE,HALL-E,E-3-2,2025-01-25,09:30,QR-STU0239
STU024,Student 24,85f0d55a-c961-4fdd-8351-cef10fdfd5d6,CSE23 MID1 Exam,MECH,HALL-E,E-3-3,2025-01-25,09:30,QR-STU024
STU0240,John Thompson,85f0d55a-c961-4fdd-8351-cef10fdfd5d6,CSE23 MID1 Exam,CIVIL,HALL-E,E-3-4,2025-01-25,09:30,QR-STU0240
STU0241,Jessica Hill,85f0d55a-c961-4fdd-8351-cef10fdfd5d6,CSE23 MID1 Exam,EEE,HALL-E,E-3-5,2025-01-25,09:30,QR-STU0241
STU0242,Timothy Clark,85f0d55a-c961-4fdd-8351-cef10fdfd5d6,CSE23 MID1 Exam,IT,HALL-E,E-4-1,2025-01-25,09:30,QR-STU0242
STU0243,Elizabeth King,85f0d55a-c961-4fdd-8351-cef10fdfd5d6,CSE23 MID1 Exam,CSE,HALL-E,E-4-2,2025-01-25,09:30,QR-STU0243
STU0244,Daniel Roberts,85f0d55a-c961-4fdd-8351-cef10fdfd5d6,CSE23 MID1 Exam,ECE,HALL-E,E-4-3,2025-01-25,09:30,QR-STU0244
STU0245,Patricia Lee,85f0d55a-c961-4fdd-8351-cef10fdfd5d6,CSE23 MID1 Exam,MECH,HALL-E,E-4-4,2025-01-25,09:30,QR-STU0245
STU0246,Jeffrey Campbell,85f0d55a-c961-4fdd-8351-cef10fdfd5d6,CSE23 MID1 Exam,CIVIL,HALL-E,E-4-5,2025-01-25,09:30,QR-STU0246
STU0247,Sarah Hill,85f0d55a-c961-4fdd-8351-cef10fdfd5d6,CSE23 MID1 Exam,EEE,HALL-E,E-5-1,2025-01-25,09:30,QR-STU0247
STU0248,Anthony Nguyen,85f0d55a-c961-4fdd-8351-cef10fdfd5d6,CSE23 MID1 Exam,IT,HALL-E,E-5-2,2025-01-25,09:30,QR-STU0248
STU0249,Jason Ramirez,85f0d55a-c961-4fdd-8351-cef10fdfd5d6,CSE23 MID1 Exam,CSE,HALL-E,E-5-3,2025-01-25,09:30,QR-STU0249
STU025,Student 25,85f0d55a-c961-4fdd-8351-cef10fdfd5d6,CSE23 MID1 Exam,ECE,HALL-E,E-5-4,2025-01-25,09:30,QR-STU025
STU0250,Betty King,85f0d55a-c961-4fdd-8351-cef10fdfd5d6,CSE23 MID1 Exam,MECH,HALL-E,E-5-5,2025-01-25,09:30,QR-STU0250
STU0251,Robert Davis,85f0d55a-c961-4fdd-8351-cef10fdfd5d6,CSE23 MID1 Exam,CIVIL,HALL-E,E-6-1,2025-01-25,09:30,QR-STU0251
STU0252,Margaret Robinson,85f0d55a-c961-4fdd-8351-cef10fdfd5d6,CSE23 MID1 Exam,EEE,HALL-E,E-6-2,2025-01-25,09:30,QR-STU0252
STU0253,Kevin Nelson,85f0d55a-c961-4fdd-8351-cef10fdfd5d6,CSE23 MID1 Exam,IT,HALL-E,E-6-3,2025-01-25,09:30,QR-STU0253
STU0254,Matthew Hernandez,85f0d55a-c961-4fdd-8351-cef10fdfd5d6,CSE23 MID1 Exam,CSE,HALL-E,E-6-4,2025-01-25,09:30,QR-STU0254
STU0255,Daniel Brown,85f0d55a-c961-4fdd-8351-cef10fdfd5d6,CSE23 MID1 Exam,ECE,HALL-E,E-6-5,2025-01-25,09:30,QR-STU0255
STU0256,Timothy Thompson,85f0d55a-c961-4fdd-8351-cef10fdfd5d6,CSE23 MID1 Exam,MECH,HALL-E,E-7-1,2025-01-25,09:30,QR-STU0256
STU0257,Sandra Roberts,85f0d55a-c961-4fdd-8351-cef10fdfd5d6,CSE23 MID1 Exam,CIVIL,HALL-E,E-7-2,2025-01-25,09:30,QR-STU0257
STU0258,Joshua Sanchez,85f0d55a-c961-4fdd-8351-cef10fdfd5d6,CSE23 MID1 Exam,EEE,HALL-E,E-7-3,2025-01-25,09:30,QR-STU0258
STU0259,Ashley Hernandez,85f0d55a-c961-4fdd-8351-cef10fdfd5d6,CSE23 MID1 Exam,IT,HALL-E,E-7-4,2025-01-25,09:30,QR-STU0259
STU026,Student 26,85f0d55a-c961-4fdd-8351-cef10fdfd5d6,CSE23 MID1 Exam,CSE,HALL-E,E-7-5,2025-01-25,09:30,QR-STU026
STU0260,Amanda Ramirez,85f0d55a-c961-4fdd-8351-cef10fdfd5d6,CSE23 MID1 Exam,ECE,HALL-E,E-8-1,2025-01-25,09:30,QR-STU0260
STU0261,Matthew Robinson,85f0d55a-c961-4fdd-8351-cef10fdfd5d6,CSE23 MID1 Exam,MECH,HALL-E,E-8-2,2025-01-25,09:30,QR-STU0261
STU0262,Ashley Garcia,85f0d55a-c961-4fdd-8351-cef10fdfd5d6,CSE23 MID1 Exam,CIVIL,HALL-E,E-8-3,2025-01-25,09:30,QR-STU0262
STU0263,Jane Davis,85f0d55a-c961-4fdd-8351-cef10fdfd5d6,CSE23 MID1 Exam,EEE,HALL-E,E-8-4,2025-01-25,09:30,QR-STU0263
STU0264,Melissa Hill,85f0d55a-c961-4fdd-8351-cef10fdfd5d6,CSE23 MID1 Exam,IT,HALL-E,E-8-5,2025-01-25,09:30,QR-STU0264
STU0265,Betty Campbell,85f0d55a-c961-4fdd-8351-cef10fdfd5d6,CSE23 MID1 Exam,CSE,HALL-E,E-9-1,2025-01-25,09:30,QR-STU0265
STU0266,Patricia Thompson,85f0d55a-c961-4fdd-8351-cef10fdfd5d6,CSE23 MID1 Exam,ECE,HALL-E,E-9-2,2025-01-25,09:30,QR-STU0266
STU0267,Margaret Scott,85f0d55a-c961-4fdd-8351-cef10fdfd5d6,CSE23 MID1 Exam,MECH,HALL-E,E-9-3,2025-01-25,09:30,QR-STU0267
STU0268,Jennifer Rivera,85f0d55a-c961-4fdd-8351-cef10fdfd5d6,CSE23 MID1 Exam,CIVIL,HALL-E,E-9-4,2025-01-25,09:30,QR-STU0268
STU0269,Brian Robinson,85f0d55a-c961-4fdd-8351-cef10fdfd5d6,CSE23 MID1 Exam,EEE,HALL-E,E-9-5,2025-01-25,09:30,QR-STU0269
STU027,Student 27,85f0d55a-c961-4fdd-8351-cef10fdfd5d6,CSE23 MID1 Exam,IT,HALL-E,E-10-1,2025-01-25,09:30,QR-STU027
STU0270,Patricia Harris,85f0d55a-c961-4fdd-8351-cef10fdfd5d6,CSE23 MID1 Exam,CSE,HALL-E,E-10-2,2025-01-25,09:30,QR-STU0270
STU0271,John Thompson,85f0d55a-c961-4fdd-8351-cef10fdfd5d6,CSE23 MID1 Exam,ECE,HALL-E,E-10-3,2025-01-25,09:30,QR-STU0271
STU0272,Susan Hall,85f0d55a-c961-4fdd-8351-cef10fdfd5d6,CSE23 MID1 Exam,MECH,HALL-E,E-10-4,2025-01-25,09:30,QR-STU0272
STU0273,Michael King,85f0d55a-c961-4fdd-8351-cef10fdfd5d6,CSE23 MID1 Exam,CIVIL,HALL-E,E-10-5,2025-01-25,09:30,QR-STU0273
STU0274,Emily Brown,85f0d55a-c961-4fdd-8351-cef10fdfd5d6,CSE23 MID1 Exam,EEE,HALL-F,F-1-1,2025-01-25,09:30,QR-STU0274
STU0275,Michelle Williams,85f0d55a-c961-4fdd-8351-cef10fdfd5d6,CSE23 MID1 Exam,IT,HALL-F,F-1-2,2025-01-25,09:30,QR-STU0275
STU0276,Anthony Thomas,85f0d55a-c961-4fdd-8351-cef10fdfd5d6,CSE23 MID1 Exam,CSE,HALL-F,F-1-3,2025-01-25,09:30,QR-STU0276
STU0277,Nancy Rivera,85f0d55a-c961-4fdd-8351-cef10fdfd5d6,CSE23 MID1 Exam,ECE,HALL-F,F-1-4,2025-01-25,09:30,QR-STU0277
STU0278,Susan Thompson,85f0d55a-c961-4fdd-8351-cef10fdfd5d6,CSE23 MID1 Exam,MECH,HALL-F,F-1-5,2025-01-25,09:30,QR-STU0278
STU0279,Nancy Carter,85f0d55a-c961-4fdd-8351-cef10fdfd5d6,CSE23 MID1 Exam,CIVIL,HALL-F,F-2-1,2025-01-25,09:30,QR-STU0279
STU028,Student 28,85f0d55a-c961-4fdd-8351-cef10fdfd5d6,CSE23 MID1 Exam,EEE,HALL-F,F-2-2,2025-01-25,09:30,QR-STU028
STU0280,Timothy Harris,85f0d55a-c961-4fdd-8351-cef10fdfd5d6,CSE23 MID1 Exam,IT,HALL-F,F-2-3,2025-01-25,09:30,QR-STU0280
STU0281,Anthony Lewis,85f0d55a-c961-4fdd-8351-cef10fdfd5d6,CSE23 MID1 Exam,CSE,HALL-F,F-2-4,2025-01-25,09:30,QR-STU0281
STU0282,Timothy Sanchez,85f0d55a-c961-4fdd-8351-cef10fdfd5d6,CSE23 MID1 Exam,ECE,HALL-F,F-2-5,2025-01-25,09:30,QR-STU0282
STU0283,Jeffrey Perez,85f0d55a-c961-4fdd-8351-cef10fdfd5d6,CSE23 MID1 Exam,MECH,HALL-F,F-3-1,2025-01-25,09:30,QR-STU0283
STU0284,Michael Green,85f0d55a-c961-4fdd-8351-cef10fdfd5d6,CSE23 MID1 Exam,CIVIL,HALL-F,F-3-2,2025-01-25,09:30,QR-STU0284
STU0285,James Campbell,85f0d55a-c961-4fdd-8351-cef10fdfd5d6,CSE23 MID1 Exam,EEE,HALL-F,F-3-3,2025-01-25,09:30,QR-STU0285
STU0286,Donna King,85f0d55a-c961-4fdd-8351-cef10fdfd5d6,CSE23 MID1 Exam,IT,HALL-F,F-3-4,2025-01-25,09:30,QR-STU0286
STU0287,Donna Lewis,85f0d55a-c961-4fdd-8351-cef10fdfd5d6,CSE23 MID1 Exam,CSE,HALL-F,F-3-5,2025-01-25,09:30,QR-STU0287
STU0288,John Jones,85f0d55a-c961-4fdd-8351-cef10fdfd5d6,CSE23 MID1 Exam,ECE,HALL-F,F-4-1,2025-01-25,09:30,QR-STU0288
STU0289,Amanda Torres,85f0d55a-c961-4fdd-8351-cef10fdfd5d6,CSE23 MID1 Exam,MECH,HALL-F,F-4-2,2025-01-25,09:30,QR-STU0289
STU029,Student 29,85f0d55a-c961-4fdd-8351-cef10fdfd5d6,CSE23 MID1 Exam,CIVIL,HALL-F,F-4-3,2025-01-25,09:30,QR-STU029
STU0290,Robert Moore,85f0d55a-c961-4fdd-8351-cef10fdfd5d6,CSE23 MID1 Exam,EEE,HALL-F,F-4-4,2025-01-25,09:30,QR-STU0290
STU0291,Kimberly Martin,85f0d55a-c961-4fdd-8351-cef10fdfd5d6,CSE23 MID1 Exam,IT,HALL-F,F-4-5,2025-01-25,09:30,QR-STU0291
STU0292,Amanda Roberts,85f0d55a-c961-4fdd-8351-cef10fdfd5d6,CSE23 MID1 Exam,CSE,HALL-F,F-5-1,2025-01-25,09:30,QR-STU0292
STU0293,Joshua Lewis,85f0d55a-c961-4fdd-8351-cef10fdfd5d6,CSE23 MID1 Exam,ECE,HALL-F,F-5-2,2025-01-25,09:30,QR-STU0293
STU0294,William Williams,85f0d55a-c961-4fdd-8351-cef10fdfd5d6,CSE23 MID1 Exam,MECH,HALL-F,F-5-3,2025-01-25,09:30,QR-STU0294
STU0295,Margaret Perez,85f0d55a-c961-4fdd-8351-cef10fdfd5d6,CSE23 MID1 Exam,CIVIL,HALL-F,F-5-4,2025-01-25,09:30,QR-STU0295
STU0296,Carol Mitchell,85f0d55a-c961-4fdd-8351-cef10fdfd5d6,CSE23 MID1 Exam,EEE,HALL-F,F-5-5,2025-01-25,09:30,QR-STU0296
STU0297,Ashley Moore,85f0d55a-c961-4fdd-8351-cef10fdfd5d6,CSE23 MID1 Exam,IT,HALL-F,F-6-1,2025-01-25,09:30,QR-STU0297
STU0298,Mary Walker,85f0d55a-c961-4fdd-8351-cef10fdfd5d6,CSE23 MID1 Exam,CSE,HALL-F,F-6-2,2025-01-25,09:30,QR-STU0298
STU0299,Donna Rivera,85f0d55a-c961-4fdd-8351-cef10fdfd5d6,CSE23 MID1 Exam,ECE,HALL-F,F-6-3,2025-01-25,09:30,QR-STU0299
STU030,Student 30,85f0d55a-c961-4fdd-8351-cef10fdfd5d6,CSE23 MID1 Exam,MECH,HALL-F,F-6-4,2025-01-25,09:30,QR-STU030
STU0300,Anthony Campbell,85f0d55a-c961-4fdd-8351-cef10fdfd5d6,CSE23 MID1 Exam,CIVIL,HALL-F,F-6-5,2025-01-25,09:30,QR-STU0300
STU0301,Brian Smith,85f0d55a-c961-4fdd-8351-cef10fdfd5d6,CSE23 MID1 Exam,EEE,HALL-F,F-7-1,2025-01-25,09:30,QR-STU0301
STU0302,Joshua Green,85f0d55a-c961-4fdd-8351-cef10fdfd5d6,CSE23 MID1 Exam,IT,HALL-F,F-7-2,2025-01-25,09:30,QR-STU0302
STU0303,Christopher Mitchell,85f0d55a-c961-4fdd-8351-cef10fdfd5d6,CSE23 MID1 Exam,CSE,HALL-F,F-7-3,2025-01-25,09:30,QR-STU0303
STU0304,Melissa Adams,85f0d55a-c961-4fdd-8351-cef10fdfd5d6,CSE23 MID1 Exam,ECE,HALL-F,F-7-4,2025-01-25,09:30,QR-STU0304
STU0305,Jane Rodriguez,85f0d55a-c961-4fdd-8351-cef10fdfd5d6,CSE23 MID1 Exam,MECH,HALL-F,F-7-5,2025-01-25,09:30,QR-STU0305
STU0306,Jane Jones,85f0d55a-c961-4fdd-8351-cef10fdfd5d6,CSE23 MID1 Exam,CIVIL,HALL-F,F-8-1,2025-01-25,09:30,QR-STU0306
STU0307,Daniel Hall,85f0d55a-c961-4fdd-8351-cef10fdfd5d6,CSE23 MID1 Exam,EEE,HALL-F,F-8-2,2025-01-25,09:30,QR-STU0307
STU0308,Andrew Roberts,85f0d55a-c961-4fdd-8351-cef10fdfd5d6,CSE23 MID1 Exam,IT,HALL-F,F-8-3,2025-01-25,09:30,QR-STU0308
STU0309,Jennifer Ramirez,85f0d55a-c961-4fdd-8351-cef10fdfd5d6,CSE23 MID1 Exam,CSE,HALL-F,F-8-4,2025-01-25,09:30,QR-STU0309
STU031,Student 31,85f0d55a-c961-4fdd-8351-cef10fdfd5d6,CSE23 MID1 Exam,ECE,HALL-F,F-8-5,2025-01-25,09:30,QR-STU031
STU0310,Nancy Lee,85f0d55a-c961-4fdd-8351-cef10fdfd5d6,CSE23 MID1 Exam,MECH,HALL-F,F-9-1,2025-01-25,09:30,QR-STU0310
STU0311,Jeffrey Roberts,85f0d55a-c961-4fdd-8351-cef10fdfd5d6,CSE23 MID1 Exam,CIVIL,HALL-F,F-9-2,2025-01-25,09:30,QR-STU0311
STU0312,Mary Perez,85f0d55a-c961-4fdd-8351-cef10fdfd5d6,CSE23 MID1 Exam,EEE,HALL-F,F-9-3,2025-01-25,09:30,QR-STU0312
STU0313,Melissa Wright,85f0d55a-c961-4fdd-8351-cef10fdfd5d6,CSE23 MID1 Exam,IT,HALL-F,F-9-4,2025-01-25,09:30,QR-STU0313
STU0314,David Hall,85f0d55a-c961-4fdd-8351-cef10fdfd5d6,CSE23 MID1 Exam,CSE,HALL-F,F-9-5,2025-01-25,09:30,QR-STU0314
STU0315,Mark Clark,85f0d55a-c961-4fdd-8351-cef10fdfd5d6,CSE23 MID1 Exam,ECE,HALL-F,F-10-1,2025-01-25,09:30,QR-STU0315
STU0316,Steven Williams,85f0d55a-c961-4fdd-8351-cef10fdfd5d6,CSE23 MID1 Exam,MECH,HALL-F,F-10-2,2025-01-25,09:30,QR-STU0316
STU0317,Margaret Hall,85f0d55a-c961-4fdd-8351-cef10fdfd5d6,CSE23 MID1 Exam,CIVIL,HALL-F,F-10-3,2025-01-25,09:30,QR-STU0317
STU0318,Amanda Wright,85f0d55a-c961-4fdd-8351-cef10fdfd5d6,CSE23 MID1 Exam,EEE,HALL-F,F-10-4,2025-01-25,09:30,QR-STU0318
STU0319,Sandra Jones,85f0d55a-c961-4fdd-8351-cef10fdfd5d6,CSE23 MID1 Exam,IT,HALL-F,F-10-5,2025-01-25,09:30,QR-STU0319
STU032,Student 32,85f0d55a-c961-4fdd-8351-cef10fdfd5d6,CSE23 MID1 Exam,CSE,HALL-G,G-1-1,2025-01-25,09:30,QR-STU032
STU0320,Melissa Smith,85f0d55a-c961-4fdd-8351-cef10fdfd5d6,CSE23 MID1 Exam,ECE,HALL-G,G-1-2,2025-01-25,09:30,QR-STU0320
STU0321,Jennifer Lopez,85f0d55a-c961-4fdd-8351-cef10fdfd5d6,CSE23 MID1 Exam,MECH,HALL-G,G-1-3,2025-01-25,09:30,QR-STU0321
STU0322,Karen Rodriguez,85f0d55a-c961-4fdd-8351-cef10fdfd5d6,CSE23 MID1 Exam,CIVIL,HALL-G,G-1-4,2025-01-25,09:30,QR-STU0322
STU0323,Linda Rodriguez,85f0d55a-c961-4fdd-8351-cef10fdfd5d6,CSE23 MID1 Exam,EEE,HALL-G,G-1-5,2025-01-25,09:30,QR-STU0323
STU0324,Elizabeth Martinez,85f0d55a-c961-4fdd-8351-cef10fdfd5d6,CSE23 MID1 Exam,IT,HALL-G,G-2-1,2025-01-25,09:30,QR-STU0324
STU0325,Mark Moore,85f0d55a-c961-4fdd-8351-cef10fdfd5d6,CSE23 MID1 Exam,CSE,HALL-G,G-2-2,2025-01-25,09:30,QR-STU0325
STU0326,Patricia Anderson,85f0d55a-c961-4fdd-8351-cef10fdfd5d6,CSE23 MID1 Exam,ECE,HALL-G,G-2-3,2025-01-25,09:30,QR-STU0326
STU0327,Mary Martinez,85f0d55a-c961-4fdd-8351-cef10fdfd5d6,CSE23 MID1 Exam,MECH,HALL-G,G-2-4,2025-01-25,09:30,QR-STU0327
STU0328,Margaret Adams,85f0d55a-c961-4fdd-8351-cef10fdfd5d6,CSE23 MID1 Exam,CIVIL,HALL-G,G-2-5,2025-01-25,09:30,QR-STU0328
STU0329,Margaret Davis,85f0d55a-c961-4fdd-8351-cef10fdfd5d6,CSE23 MID1 Exam,EEE,HALL-G,G-3-1,2025-01-25,09:30,QR-STU0329
STU033,Student 33,85f0d55a-c961-4fdd-8351-cef10fdfd5d6,CSE23 MID1 Exam,IT,HALL-G,G-3-2,2025-01-25,09:30,QR-STU033
STU0330,Betty Ramirez,85f0d55a-c961-4fdd-8351-cef10fdfd5d6,CSE23 MID1 Exam,CSE,HALL-G,G-3-3,2025-01-25,09:30,QR-STU0330
STU0331,Timothy Gonzalez,85f0d55a-c961-4fdd-8351-cef10fdfd5d6,CSE23 MID1 Exam,ECE,HALL-G,G-3-4,2025-01-25,09:30,QR-STU0331
STU0332,Amanda Johnson,85f0d55a-c961-4fdd-8351-cef10fdfd5d6,CSE23 MID1 Exam,MECH,HALL-G,G-3-5,2025-01-25,09:30,QR-STU0332
STU0333,Nancy Hill,85f0d55a-c961-4fdd-8351-cef10fdfd5d6,CSE23 MID1 Exam,CIVIL,HALL-G,G-4-1,2025-01-25,09:30,QR-STU0333
STU0334,Michelle Garcia,85f0d55a-c961-4fdd-8351-cef10fdfd5d6,CSE23 MID1 Exam,EEE,HALL-G,G-4-2,2025-01-25,09:30,QR-STU0334
STU0335,Daniel Torres,85f0d55a-c961-4fdd-8351-cef10fdfd5d6,CSE23 MID1 Exam,IT,HALL-G,G-4-3,2025-01-25,09:30,QR-STU0335
STU0336,Timothy Harris,85f0d55a-c961-4fdd-8351-cef10fdfd5d6,CSE23 MID1 Exam,CSE,HALL-G,G-4-4,2025-01-25,09:30,QR-STU0336
STU0337,Elizabeth Walker,85f0d55a-c961-4fdd-8351-cef10fdfd5d6,CSE23 MID1 Exam,ECE,HALL-G,G-4-5,2025-01-25,09:30,QR-STU0337
STU0338,Barbara Lopez,85f0d55a-c961-4fdd-8351-cef10fdfd5d6,CSE23 MID1 Exam,MECH,HALL-G,G-5-1,2025-01-25,09:30,QR-STU0338
STU0339,Michelle Thomas,85f0d55a-c961-4fdd-8351-cef10fdfd5d6,CSE23 MID1 Exam,CIVIL,HALL-G,G-5-2,2025-01-25,09:30,QR-STU0339
STU034,Student 34,85f0d55a-c961-4fdd-8351-cef10fdfd5d6,CSE23 MID1 Exam,EEE,HALL-G,G-5-3,2025-01-25,09:30,QR-STU034
STU0340,Nancy Miller,85f0d55a-c961-4fdd-8351-cef10fdfd5d6,CSE23 MID1 Exam,IT,HALL-G,G-5-4,2025-01-25,09:30,QR-STU0340
STU0341,David Flores,85f0d55a-c961-4fdd-8351-cef10fdfd5d6,CSE23 MID1 Exam,CSE,HALL-G,G-5-5,2025-01-25,09:30,QR-STU0341
STU0342,Kimberly Hernandez,85f0d55a-c961-4fdd-8351-cef10fdfd5d6,CSE23 MID1 Exam,ECE,HALL-G,G-6-1,2025-01-25,09:30,QR-STU0342
STU0343,Jason White,85f0d55a-c961-4fdd-8351-cef10fdfd5d6,CSE23 MID1 Exam,MECH,HALL-G,G-6-2,2025-01-25,09:30,QR-STU0343
STU0344,Brian Roberts,85f0d55a-c961-4fdd-8351-cef10fdfd5d6,CSE23 MID1 Exam,CIVIL,HALL-G,G-6-3,2025-01-25,09:30,QR-STU0344
STU0345,Jane Baker,85f0d55a-c961-4fdd-8351-cef10fdfd5d6,CSE23 MID1 Exam,EEE,HALL-G,G-6-4,2025-01-25,09:30,QR-STU0345
STU0346,John King,85f0d55a-c961-4fdd-8351-cef10fdfd5d6,CSE23 MID1 Exam,IT,HALL-G,G-6-5,2025-01-25,09:30,QR-STU0346
STU0347,Christopher Thomas,85f0d55a-c961-4fdd-8351-cef10fdfd5d6,CSE23 MID1 Exam,CSE,HALL-G,G-7-1,2025-01-25,09:30,QR-STU0347
STU0348,Donald Robinson,85f0d55a-c961-4fdd-8351-cef10fdfd5d6,CSE23 MID1 Exam,ECE,HALL-G,G-7-2,2025-01-25,09:30,QR-STU0348
STU0349,Betty Jones,85f0d55a-c961-4fdd-8351-cef10fdfd5d6,CSE23 MID1 Exam,MECH,HALL-G,G-7-3,2025-01-25,09:30,QR-STU0349
STU035,Student 35,85f0d55a-c961-4fdd-8351-cef10fdfd5d6,CSE23 MID1 Exam,CIVIL,HALL-G,G-7-4,2025-01-25,09:30,QR-STU035
STU0350,Margaret Carter,85f0d55a-c961-4fdd-8351-cef10fdfd5d6,CSE23 MID1 Exam,EEE,HALL-G,G-7-5,2025-01-25,09:30,QR-STU0350
STU0351,Linda Walker,85f0d55a-c961-4fdd-8351-cef10fdfd5d6,CSE23 MID1 Exam,IT,HALL-G,G-8-1,2025-01-25,09:30,QR-STU0351
STU0352,Edward Campbell,85f0d55a-c961-4fdd-8351-cef10fdfd5d6,CSE23 MID1 Exam,CSE,HALL-G,G-8-2,2025-01-25,09:30,QR-STU0352
STU0353,Jeffrey Jones,85f0d55a-c961-4fdd-8351-cef10fdfd5d6,CSE23 MID1 Exam,ECE,HALL-G,G-8-3,2025-01-25,09:30,QR-STU0353
STU0354,Sarah Wright,85f0d55a-c961-4fdd-8351-cef10fdfd5d6,CSE23 MID1 Exam,MECH,HALL-G,G-8-4,2025-01-25,09:30,QR-STU0354
STU0355,Barbara Martin,85f0d55a-c961-4fdd-8351-cef10fdfd5d6,CSE23 MID1 Exam,CIVIL,HALL-G,G-8-5,2025-01-25,09:30,QR-STU0355
STU0356,Ashley Moore,85f0d55a-c961-4fdd-8351-cef10fdfd5d6,CSE23 MID1 Exam,EEE,HALL-G,G-9-1,2025-01-25,09:30,QR-STU0356
STU0357,Carol Hernandez,85f0d55a-c961-4fdd-8351-cef10fdfd5d6,CSE23 MID1 Exam,IT,HALL-G,G-9-2,2025-01-25,09:30,QR-STU0357
STU0358,Brian White,85f0d55a-c961-4fdd-8351-cef10fdfd5d6,CSE23 MID1 Exam,CSE,HALL-G,G-9-3,2025-01-25,09:30,QR-STU0358
STU0359,Jennifer Miller,85f0d55a-c961-4fdd-8351-cef10fdfd5d6,CSE23 MID1 Exam,ECE,HALL-G,G-9-4,2025-01-25,09:30,QR-STU0359
STU036,Student 36,85f0d55a-c961-4fdd-8351-cef10fdfd5d6,CSE23 MID1 Exam,MECH,HALL-G,G-9-5,2025-01-25,09:30,QR-STU036
STU0360,Sarah Lopez,85f0d55a-c961-4fdd-8351-cef10fdfd5d6,CSE23 MID1 Exam,CIVIL,HALL-G,G-10-1,2025-01-25,09:30,QR-STU0360
STU0361,James Rivera,85f0d55a-c961-4fdd-8351-cef10fdfd5d6,CSE23 MID1 Exam,EEE,HALL-G,G-10-2,2025-01-25,09:30,QR-STU0361
STU0362,Robert Young,85f0d55a-c961-4fdd-8351-cef10fdfd5d6,CSE23 MID1 Exam,IT,HALL-G,G-10-3,2025-01-25,09:30,QR-STU0362
STU0363,Kevin Mitchell,85f0d55a-c961-4fdd-8351-cef10fdfd5d6,CSE23 MID1 Exam,CSE,HALL-G,G-10-4,2025-01-25,09:30,QR-STU0363
STU0364,Donna Robinson,85f0d55a-c961-4fdd-8351-cef10fdfd5d6,CSE23 MID1 Exam,ECE,HALL-G,G-10-5,2025-01-25,09:30,QR-STU0364
